uf,ano,indicador,ocorrencias,taxa_100_mil
Brasil,2023,MVI,46441,21.937677006292226
Acre,2023,MVI,214,24.413004145647527
Alagoas,2023,MVI,1210,37.593903200981046
Amapá,2023,MVI,519,64.94611599701673
Amazonas,2023,MVI,1406,33.15591225804261
Bahia,2023,MVI,6579,44.36635019704216
Ceará,2023,MVI,3114,33.860074600899104
Distrito Federal,2023,MVI,311,10.48005033119992
Espírito Santo,2023,MVI,1096,26.88865838352059
Goiás,2023,MVI,1636,22.489632568067226
Maranhão,2023,MVI,1897,27.087485581661273
Mato Grosso,2023,MVI,1159,30.674448819324848
Mato Grosso do Sul,2023,MVI,601,20.882492028343208
Minas Gerais,2023,MVI,3050,14.354696840333553
Pará,2023,MVI,2745,31.85888775922341
Paraíba,2023,MVI,1064,25.79726645957733
Paraná,2023,MVI,2263,19.25324629470722
Pernambuco,2023,MVI,3641,38.26797525414676
Piauí,2023,MVI,737,21.896198944644805
Rio de Janeiro,2023,MVI,4270,24.805660430957392
Rio Grande do Norte,2023,MVI,1042,30.323507003798877
Rio Grande do Sul,2023,MVI,1982,17.661276323945234
Rondônia,2023,MVI,455,26.14559360553482
Roraima,2023,MVI,177,25.45773584362909
Santa Catarina,2023,MVI,674,8.502358710729572
São Paulo,2023,MVI,3480,7.589872928515392
Sergipe,2023,MVI,689,30.192892706992215
Tocantins,2023,MVI,430,27.437625662730323
Brasil,2024,MVI,44127,20.757466175095697
Acre,2024,MVI,179,20.3263341853739
Alagoas,2024,MVI,1141,35.43363816820823
Amapá,2024,MVI,362,45.090099235585804
Amazonas,2024,MVI,1173,27.398802534517703
Bahia,2024,MVI,6036,40.645060544373116
Ceará,2024,MVI,3467,37.547424335496146
Distrito Federal,2024,MVI,266,8.917741545075831
Espírito Santo,2024,MVI,980,23.89003368738526
Goiás,2024,MVI,1379,18.760671917750166
Maranhão,2024,MVI,2129,30.36674007553887
Mato Grosso,2024,MVI,1142,29.76749811476856
Mato Grosso do Sul,2024,MVI,544,18.746370905908034
Minas Gerais,2024,MVI,3214,15.073144379384386
Pará,2024,MVI,2560,29.546509553102116
Paraíba,2024,MVI,1060,25.57273271186768
Paraná,2024,MVI,2170,18.351471267896386
Pernambuco,2024,MVI,3453,36.19865292368857
Piauí,2024,MVI,685,20.292412178291208
Rio de Janeiro,2024,MVI,3809,22.120040681362294
Rio Grande do Norte,2024,MVI,833,24.1724561101614
Rio Grande do Sul,2024,MVI,1687,15.022375503287424
Rondônia,2024,MVI,455,26.05617711786612
Roraima,2024,MVI,133,18.554868699889646
Santa Catarina,2024,MVI,685,8.50040348995544
São Paulo,2024,MVI,3751,8.159102454356336
Sergipe,2024,MVI,522,22.784044359923303
Tocantins,2024,MVI,312,19.780111098290668
Brasil,2023,Latrocínio - vítimas,1002,0.47332211537875607
Acre,2023,Latrocínio - vítimas,5,0.5703972931226058
Alagoas,2023,Latrocínio - vítimas,18,0.5592481467914535
Amapá,2023,Latrocínio - vítimas,13,1.626781325551479
Amazonas,2023,Latrocínio - vítimas,36,0.8489422768773356
Bahia,2023,Latrocínio - vítimas,69,0.4653105583821111
Ceará,2023,Latrocínio - vítimas,24,0.2609639660955615
Distrito Federal,2023,Latrocínio - vítimas,19,0.6402603096231462
Espírito Santo,2023,Latrocínio - vítimas,32,0.7850703177670245
Goiás,2023,Latrocínio - vítimas,16,0.21994750677816355
Maranhão,2023,Latrocínio - vítimas,54,0.771072336009335
Mato Grosso,2023,Latrocínio - vítimas,15,0.39699459213966587
Mato Grosso do Sul,2023,Latrocínio - vítimas,6,0.2084774578536759
Minas Gerais,2023,Latrocínio - vítimas,75,0.3529843485327923
Pará,2023,Latrocínio - vítimas,79,0.9168860229430418
Paraíba,2023,Latrocínio - vítimas,25,0.606138779595332
Paraná,2023,Latrocínio - vítimas,51,0.4338999385903969
Pernambuco,2023,Latrocínio - vítimas,87,0.9143954537519275
Piauí,2023,Latrocínio - vítimas,21,0.6239079753562292
Rio de Janeiro,2023,Latrocínio - vítimas,65,0.37760373021363713
Rio Grande do Norte,2023,Latrocínio - vítimas,32,0.9312401383124416
Rio Grande do Sul,2023,Latrocínio - vítimas,42,0.37425509869106954
Rondônia,2023,Latrocínio - vítimas,7,0.4022399016236126
Roraima,2023,Latrocínio - vítimas,9,1.29446114459131
Santa Catarina,2023,Latrocínio - vítimas,11,0.13876253088727789
São Paulo,2023,Latrocínio - vítimas,166,0.36204566268205607
Sergipe,2023,Latrocínio - vítimas,6,0.26292794810152875
Tocantins,2023,Latrocínio - vítimas,19,1.2123602037020376
Brasil,2024,Latrocínio - vítimas,965,0.45393874179000043
Acre,2024,Latrocínio - vítimas,1,0.11355493958309439
Alagoas,2024,Latrocínio - vítimas,6,0.18632938563474968
Amapá,2024,Latrocínio - vítimas,4,0.49823314072470504
Amazonas,2024,Latrocínio - vítimas,22,0.5138735343217302
Bahia,2024,Latrocínio - vítimas,75,0.5050330584539403
Ceará,2024,Latrocínio - vítimas,41,0.44402780437131295
Distrito Federal,2024,Latrocínio - vítimas,8,0.26820275323536336
Espírito Santo,2024,Latrocínio - vítimas,39,0.9507258304163521
Goiás,2024,Latrocínio - vítimas,18,0.2448818669467027
Maranhão,2024,Latrocínio - vítimas,62,0.8843296781039971
Mato Grosso,2024,Latrocínio - vítimas,20,0.5213222086649486
Mato Grosso do Sul,2024,Latrocínio - vítimas,22,0.7581252939889279
Minas Gerais,2024,Latrocínio - vítimas,55,0.2579411763740327
Pará,2024,Latrocínio - vítimas,67,0.7732875547100946
Paraíba,2024,Latrocínio - vítimas,16,0.3860035126319649
Paraná,2024,Latrocínio - vítimas,46,0.3890173632825962
Pernambuco,2024,Latrocínio - vítimas,77,0.8072100420283868
Piauí,2024,Latrocínio - vítimas,19,0.5628552283029677
Rio de Janeiro,2024,Latrocínio - vítimas,99,0.5749236092031681
Rio Grande do Norte,2024,Latrocínio - vítimas,23,0.6674267593441923
Rio Grande do Sul,2024,Latrocínio - vítimas,30,0.2671436070531255
Rondônia,2024,Latrocínio - vítimas,10,0.5726632333596949
Roraima,2024,Latrocínio - vítimas,6,0.8370617458596833
Santa Catarina,2024,Latrocínio - vítimas,16,0.19854957056830222
São Paulo,2024,Latrocínio - vítimas,170,0.36978070307666683
Sergipe,2024,Latrocínio - vítimas,7,0.3055331619146803
Tocantins,2024,Latrocínio - vítimas,6,0.38038675189020515
Brasil,2023,Latrocínio - ocorrências,979,0.46245743608363493
Acre,2023,Latrocínio - ocorrências,4,0.45631783449808466
Alagoas,2023,Latrocínio - ocorrências,18,0.5592481467914535
Amapá,2023,Latrocínio - ocorrências,13,1.626781325551479
Amazonas,2023,Latrocínio - ocorrências,35,0.8253605469640763
Bahia,2023,Latrocínio - ocorrências,69,0.4653105583821111
Ceará,2023,Latrocínio - ocorrências,24,0.2609639660955615
Distrito Federal,2023,Latrocínio - ocorrências,19,0.6402603096231462
Espírito Santo,2023,Latrocínio - ocorrências,31,0.760536870336805
Goiás,2023,Latrocínio - ocorrências,15,0.20620078760452834
Maranhão,2023,Latrocínio - ocorrências,54,0.771072336009335
Mato Grosso,2023,Latrocínio - ocorrências,13,0.3440619798543771
Mato Grosso do Sul,2023,Latrocínio - ocorrências,5,0.17373121487806326
Minas Gerais,2023,Latrocínio - ocorrências,75,0.3529843485327923
Pará,2023,Latrocínio - ocorrências,73,0.8472491098081272
Paraíba,2023,Latrocínio - ocorrências,24,0.5818932284115188
Paraná,2023,Latrocínio - ocorrências,49,0.41688425472410684
Pernambuco,2023,Latrocínio - ocorrências,85,0.8933748686082049
Piauí,2023,Latrocínio - ocorrências,21,0.6239079753562292
Rio de Janeiro,2023,Latrocínio - ocorrências,65,0.37760373021363713
Rio Grande do Norte,2023,Latrocínio - ocorrências,32,0.9312401383124416
Rio Grande do Sul,2023,Latrocínio - ocorrências,42,0.37425509869106954
Rondônia,2023,Latrocínio - ocorrências,7,0.4022399016236126
Roraima,2023,Latrocínio - ocorrências,9,1.29446114459131
Santa Catarina,2023,Latrocínio - ocorrências,11,0.13876253088727789
São Paulo,2023,Latrocínio - ocorrências,163,0.3555026687781635
Sergipe,2023,Latrocínio - ocorrências,6,0.26292794810152875
Tocantins,2023,Latrocínio - ocorrências,17,1.0847433401544546
Brasil,2024,Latrocínio - ocorrências,944,0.44406028212410403
Acre,2024,Latrocínio - ocorrências,1,0.11355493958309439
Alagoas,2024,Latrocínio - ocorrências,5,0.15527448802895807
Amapá,2024,Latrocínio - ocorrências,4,0.49823314072470504
Amazonas,2024,Latrocínio - ocorrências,22,0.5138735343217302
Bahia,2024,Latrocínio - ocorrências,73,0.4915655102285018
Ceará,2024,Latrocínio - ocorrências,41,0.44402780437131295
Distrito Federal,2024,Latrocínio - ocorrências,8,0.26820275323536336
Espírito Santo,2024,Latrocínio - ocorrências,36,0.8775930742304788
Goiás,2024,Latrocínio - ocorrências,17,0.23127731878299698
Maranhão,2024,Latrocínio - ocorrências,62,0.8843296781039971
Mato Grosso,2024,Latrocínio - ocorrências,18,0.4691899877984537
Mato Grosso do Sul,2024,Latrocínio - ocorrências,17,0.585824090809626
Minas Gerais,2024,Latrocínio - ocorrências,54,0.25325133680359574
Pará,2024,Latrocínio - ocorrências,66,0.761745949415914
Paraíba,2024,Latrocínio - ocorrências,16,0.3860035126319649
Paraná,2024,Latrocínio - ocorrências,45,0.3805604640808006
Pernambuco,2024,Latrocínio - ocorrências,77,0.8072100420283868
Piauí,2024,Latrocínio - ocorrências,19,0.5628552283029677
Rio de Janeiro,2024,Latrocínio - ocorrências,99,0.5749236092031681
Rio Grande do Norte,2024,Latrocínio - ocorrências,23,0.6674267593441923
Rio Grande do Sul,2024,Latrocínio - ocorrências,30,0.2671436070531255
Rondônia,2024,Latrocínio - ocorrências,10,0.5726632333596949
Roraima,2024,Latrocínio - ocorrências,6,0.8370617458596833
Santa Catarina,2024,Latrocínio - ocorrências,16,0.19854957056830222
São Paulo,2024,Latrocínio - ocorrências,166,0.36107998065133345
Sergipe,2024,Latrocínio - ocorrências,7,0.3055331619146803
Tocantins,2024,Latrocínio - ocorrências,6,0.38038675189020515
Brasil,2023,Roubo de celulares,455124,214.99027389185727
Acre,2023,Roubo de celulares,2390,272.64990611260555
Alagoas,2023,Roubo de celulares,5632,174.98253126274815
Amapá,2023,Roubo de celulares,3923,490.9125492414194
Amazonas,2023,Roubo de celulares,26690,629.3963713848914
Bahia,2023,Roubo de celulares,44814,302.20909222225987
Ceará,2023,Roubo de celulares,22850,248.4594427201492
Distrito Federal,2023,Roubo de celulares,9822,330.98088216413373
Espírito Santo,2023,Roubo de celulares,13091,321.16736030900364
Goiás,2023,Roubo de celulares,7999,109.96000666990814
Maranhão,2023,Roubo de celulares,21841,311.87020168110905
Mato Grosso,2023,Roubo de celulares,2367,62.64574663963927
Mato Grosso do Sul,2023,Roubo de celulares,2317,80.50704497449452
Minas Gerais,2023,Roubo de celulares,9992,47.02692814052881
Pará,2023,Roubo de celulares,29966,347.7899565001416
Paraíba,2023,Roubo de celulares,4627,112.18416532750406
Paraná,2023,Roubo de celulares,12038,102.41740119119997
Pernambuco,2023,Roubo de celulares,24265,255.03224925621285
Piauí,2023,Roubo de celulares,13074,388.42727951463525
Rio de Janeiro,2023,Roubo de celulares,15496,90.0207292829311
Rio Grande do Norte,2023,Roubo de celulares,10712,311.73263630008984
Rio Grande do Sul,2023,Roubo de celulares,3537,31.517625811197924
Rondônia,2023,Roubo de celulares,7744,444.99225688189375
Roraima,2023,Roubo de celulares,1334,191.86790743164528
Santa Catarina,2023,Roubo de celulares,3482,43.92464841359106
São Paulo,2023,Roubo de celulares,150159,327.4964738715353
Sergipe,2023,Roubo de celulares,3906,171.1660942140952
Tocantins,2023,Roubo de celulares,1056,67.38170395312378
Brasil,2024,Roubo de celulares,374688,176.25429977597065
Acre,2024,Roubo de celulares,1703,193.38406211000975
Alagoas,2024,Roubo de celulares,4537,140.89607043747654
Amapá,2024,Roubo de celulares,2774,345.52468309258296
Amazonas,2024,Roubo de celulares,22825,533.143791858795
Bahia,2024,Roubo de celulares,35423,238.53048039485236
Ceará,2024,Roubo de celulares,19362,209.6894231277405
Distrito Federal,2024,Roubo de celulares,8166,273.7679603649971
Espírito Santo,2024,Roubo de celulares,9382,228.7105061786209
Goiás,2024,Roubo de celulares,5574,75.8317514644956
Maranhão,2024,Roubo de celulares,18490,263.7299314216598
Mato Grosso,2024,Roubo de celulares,2718,70.84768815756651
Mato Grosso do Sul,2024,Roubo de celulares,1710,58.927011487321224
Minas Gerais,2024,Roubo de celulares,9065,42.513395706011025
Pará,2024,Roubo de celulares,24141,278.6258934068118
Paraíba,2024,Roubo de celulares,2082,50.22870708123444
Paraná,2024,Roubo de celulares,9432,79.76547327133581
Pernambuco,2024,Roubo de celulares,24099,252.63577666028692
Piauí,2024,Roubo de celulares,8311,246.20472644347186
Rio de Janeiro,2024,Roubo de celulares,21416,124.36933348176815
Rio Grande do Norte,2024,Roubo de celulares,8393,243.55273005112198
Rio Grande do Sul,2024,Roubo de celulares,3132,27.889792576346302
Rondônia,2024,Roubo de celulares,5940,340.1619606156588
Roraima,2024,Roubo de celulares,956,133.37183817364289
Santa Catarina,2024,Roubo de celulares,2986,37.0543136073094
São Paulo,2024,Roubo de celulares,118181,257.06501923707975
Sergipe,2024,Roubo de celulares,2867,125.1376536013412
Tocantins,2024,Roubo de celulares,1023,64.85594119727998
Brasil,2023,Furto de celulares,514073,242.83644692525277
Acre,2023,Furto de celulares,1586,180.93002137849055
Alagoas,2023,Furto de celulares,4527,140.65090891805056
Amapá,2023,Furto de celulares,3056,382.41874852963997
Amazonas,2023,Furto de celulares,12623,297.67217669507244
Bahia,2023,Furto de celulares,28848,194.54027519140786
Ceará,2023,Furto de celulares,16234,176.52037606647275
Distrito Federal,2023,Furto de celulares,15833,533.5390253822775
Espírito Santo,2023,Furto de celulares,7582,186.01259841592437
Goiás,2023,Furto de celulares,17028,234.07913408866054
Maranhão,2023,Furto de celulares,8725,124.58529873484166
Mato Grosso,2023,Furto de celulares,6321,167.2935211276552
Mato Grosso do Sul,2023,Furto de celulares,5566,193.39758840226006
Minas Gerais,2023,Furto de celulares,40552,190.85628402269057
Pará,2023,Furto de celulares,23475,272.4544226403532
Paraíba,2023,Furto de celulares,1276,30.937323310545747
Paraná,2023,Furto de celulares,28685,244.0474458522654
Pernambuco,2023,Furto de celulares,22570,237.21730334690807
Piauí,2023,Furto de celulares,7058,209.69249952686977
Rio de Janeiro,2023,Furto de celulares,32912,191.19529182755733
Rio Grande do Norte,2023,Furto de celulares,7137,207.6956520979967
Rio Grande do Sul,2023,Furto de celulares,13899,123.85170515969465
Rondônia,2023,Furto de celulares,6090,349.948714412543
Roraima,2023,Furto de celulares,1942,279.3159491995915
Santa Catarina,2023,Furto de celulares,18609,234.74835793466858
São Paulo,2023,Furto de celulares,173957,379.3998635131472
Sergipe,2023,Furto de celulares,5232,229.27317074453308
Tocantins,2023,Furto de celulares,2750,175.47318737792648
Brasil,2024,Furto de celulares,476116,223.96631915656772
Acre,2024,Furto de celulares,1583,179.75746936003844
Alagoas,2024,Furto de celulares,4339,134.7472007115298
Amapá,2024,Furto de celulares,2921,363.83475101421584
Amazonas,2024,Furto de celulares,12782,298.56052344092524
Bahia,2024,Furto de celulares,26279,176.95684990814794
Ceará,2024,Furto de celulares,15030,162.77409511465447
Distrito Federal,2024,Furto de celulares,14236,477.26679938232905
Espírito Santo,2024,Furto de celulares,7914,192.9242108183336
Goiás,2024,Furto de celulares,12982,176.61424426122747
Maranhão,2024,Furto de celulares,9357,133.46246448417907
Mato Grosso,2024,Furto de celulares,7378,192.31576277649953
Mato Grosso do Sul,2024,Furto de celulares,4807,165.65037673658077
Minas Gerais,2024,Furto de celulares,35761,167.71335287839608
Pará,2024,Furto de celulares,26016,300.26640333340026
Paraíba,2024,Furto de celulares,3174,76.57344681836605
Paraná,2024,Furto de celulares,22936,193.96744009238316
Pernambuco,2024,Furto de celulares,20938,219.4982319479268
Piauí,2024,Furto de celulares,5888,174.42587285515128
Rio de Janeiro,2024,Furto de celulares,37397,217.17594154920076
Rio Grande do Norte,2024,Furto de celulares,7612,220.88923878817354
Rio Grande do Sul,2024,Furto de celulares,11931,106.24301252502802
Rondônia,2024,Furto de celulares,5538,317.14089863459907
Roraima,2024,Furto de celulares,1669,232.84267563996858
Santa Catarina,2024,Furto de celulares,17614,218.57825849937973
São Paulo,2024,Furto de celulares,152307,331.29523260881115
Sergipe,2024,Furto de celulares,4709,205.53652277946134
Tocantins,2024,Furto de celulares,3018,191.33453620077321
Brasil,2023,Roubo e furto de celulares,969197,457.8267208171101
Acre,2023,Roubo e furto de celulares,3976,453.5799274910961
Alagoas,2023,Roubo e furto de celulares,10159,315.63344018079874
Amapá,2023,Roubo e furto de celulares,6979,873.3312977710593
Amazonas,2023,Roubo e furto de celulares,39313,927.0685480799636
Bahia,2023,Roubo e furto de celulares,73662,496.7493674136677
Ceará,2023,Roubo e furto de celulares,39084,424.97981878662193
Distrito Federal,2023,Roubo e furto de celulares,25655,864.5199075464113
Espírito Santo,2023,Roubo e furto de celulares,20673,507.17995872492804
Goiás,2023,Roubo e furto de celulares,25027,344.0391407585687
Maranhão,2023,Roubo e furto de celulares,30566,436.45550041595067
Mato Grosso,2023,Roubo e furto de celulares,8688,229.93926776729447
Mato Grosso do Sul,2023,Roubo e furto de celulares,7883,273.90463337675453
Minas Gerais,2023,Roubo e furto de celulares,50544,237.88321216321938
Pará,2023,Roubo e furto de celulares,53441,620.2443791404947
Paraíba,2023,Roubo e furto de celulares,5903,143.12148863804978
Paraná,2023,Roubo e furto de celulares,40723,346.4648470434654
Pernambuco,2023,Roubo e furto de celulares,46835,492.24955260312095
Piauí,2023,Roubo e furto de celulares,20132,598.119779041505
Rio de Janeiro,2023,Roubo e furto de celulares,48408,281.21602111048844
Rio Grande do Norte,2023,Roubo e furto de celulares,17849,519.4282883980866
Rio Grande do Sul,2023,Roubo e furto de celulares,17436,155.36933097089258
Rondônia,2023,Roubo e furto de celulares,13834,794.9409712944367
Roraima,2023,Roubo e furto de celulares,3276,471.1838566312368
Santa Catarina,2023,Roubo e furto de celulares,22091,278.6730063482596
São Paulo,2023,Roubo e furto de celulares,324116,706.8963373846824
Sergipe,2023,Roubo e furto de celulares,9138,400.4392649586283
Tocantins,2023,Roubo e furto de celulares,3806,242.85489133105028
Brasil,2024,Roubo e furto de celulares,850804,400.2206189325384
Acre,2024,Roubo e furto de celulares,3286,373.14153147004816
Alagoas,2024,Roubo e furto de celulares,8876,275.64327114900635
Amapá,2024,Roubo e furto de celulares,5695,709.3594341067989
Amazonas,2024,Roubo e furto de celulares,35607,831.7043152997203
Bahia,2024,Roubo e furto de celulares,61702,415.4873303030003
Ceará,2024,Roubo e furto de celulares,34392,372.463518242395
Distrito Federal,2024,Roubo e furto de celulares,22402,751.0347597473261
Espírito Santo,2024,Roubo e furto de celulares,17296,421.6347169969545
Goiás,2024,Roubo e furto de celulares,18556,252.44599572572307
Maranhão,2024,Roubo e furto de celulares,27847,397.19239590583885
Mato Grosso,2024,Roubo e furto de celulares,10096,263.163450934066
Mato Grosso do Sul,2024,Roubo e furto de celulares,6517,224.57738822390198
Minas Gerais,2024,Roubo e furto de celulares,44826,210.2267485844071
Pará,2024,Roubo e furto de celulares,50157,578.8922967402121
Paraíba,2024,Roubo e furto de celulares,5256,126.80215389960048
Paraná,2024,Roubo e furto de celulares,32368,273.732913363719
Pernambuco,2024,Roubo e furto de celulares,45037,472.1340086082137
Piauí,2024,Roubo e furto de celulares,14199,420.6305992986231
Rio de Janeiro,2024,Roubo e furto de celulares,58813,341.5452750309689
Rio Grande do Norte,2024,Roubo e furto de celulares,16005,464.4419688392955
Rio Grande do Sul,2024,Roubo e furto de celulares,15063,134.13280510137432
Rondônia,2024,Roubo e furto de celulares,11478,657.3028592502578
Roraima,2024,Roubo e furto de celulares,2625,366.21451381361146
Santa Catarina,2024,Roubo e furto de celulares,20600,255.63257210668914
São Paulo,2024,Roubo e furto de celulares,270488,588.3602518458908
Sergipe,2024,Roubo e furto de celulares,7576,330.6741763808026
Tocantins,2024,Roubo e furto de celulares,4041,256.1904773980532
Brasil,2023,Homicídios de mulheres,3937,3.6304584304441003
Acre,2023,Homicídios de mulheres,15,3.432942054226753
Alagoas,2023,Homicídios de mulheres,80,4.800759480149759
Amapá,2023,Homicídios de mulheres,13,3.2564722385741662
Amazonas,2023,Homicídios de mulheres,103,4.883824252502249
Bahia,2023,Homicídios de mulheres,443,5.815651717291061
Ceará,2023,Homicídios de mulheres,265,5.60247185286429
Distrito Federal,2023,Homicídios de mulheres,45,2.9043369495555393
Espírito Santo,2023,Homicídios de mulheres,88,4.233184995475783
Goiás,2023,Homicídios de mulheres,128,3.476602870098635
Maranhão,2023,Homicídios de mulheres,135,3.8045026711835974
Mato Grosso,2023,Homicídios de mulheres,103,5.496725179217256
Mato Grosso do Sul,2023,Homicídios de mulheres,52,3.580608799896989
Minas Gerais,2023,Homicídios de mulheres,327,3.0206585331201814
Pará,2023,Homicídios de mulheres,213,4.965738734067672
Paraíba,2023,Homicídios de mulheres,74,3.477706724991881
Paraná,2023,Homicídios de mulheres,247,4.111322632464901
Pernambuco,2023,Homicídios de mulheres,273,5.522126127788067
Piauí,2023,Homicídios de mulheres,62,3.6069894146496133
Rio de Janeiro,2023,Homicídios de mulheres,290,3.2111771998446232
Rio Grande do Norte,2023,Homicídios de mulheres,65,3.6870207227581635
Rio Grande do Sul,2023,Homicídios de mulheres,223,3.8620643790545177
Rondônia,2023,Homicídios de mulheres,47,5.4361466741770315
Roraima,2023,Homicídios de mulheres,17,4.962388017876273
Santa Catarina,2023,Homicídios de mulheres,107,2.671473654775696
São Paulo,2023,Homicídios de mulheres,447,1.890422805113395
Sergipe,2023,Homicídios de mulheres,39,3.296285339982251
Tocantins,2023,Homicídios de mulheres,36,4.627921536161422
Brasil,2024,Homicídios de mulheres,3700,3.3969429569914706
Acre,2024,Homicídios de mulheres,13,2.962058311535622
Alagoas,2024,Homicídios de mulheres,73,4.377656202868984
Amapá,2024,Homicídios de mulheres,6,1.4953084696763903
Amazonas,2024,Homicídios de mulheres,77,3.6163732472918295
Bahia,2024,Homicídios de mulheres,388,5.083726885420657
Ceará,2024,Homicídios de mulheres,310,6.527263960448992
Distrito Federal,2024,Homicídios de mulheres,35,2.246526068367565
Espírito Santo,2024,Homicídios de mulheres,93,4.44347611703256
Goiás,2024,Homicídios de mulheres,119,3.1975984154959383
Maranhão,2024,Homicídios de mulheres,156,4.389642694340175
Mato Grosso,2024,Homicídios de mulheres,100,5.251441652019521
Mato Grosso do Sul,2024,Homicídios de mulheres,56,3.8236583397402373
Minas Gerais,2024,Homicídios de mulheres,347,3.1933666320795306
Pará,2024,Homicídios de mulheres,178,4.126297146711885
Paraíba,2024,Homicídios de mulheres,66,3.0864067631589656
Paraná,2024,Homicídios de mulheres,246,4.068376509392492
Pernambuco,2024,Homicídios de mulheres,257,5.184994343917649
Piauí,2024,Homicídios de mulheres,72,4.1754694648497965
Rio de Janeiro,2024,Homicídios de mulheres,245,2.7116582044484034
Rio Grande do Norte,2024,Homicídios de mulheres,51,2.884448974097648
Rio Grande do Sul,2024,Homicídios de mulheres,200,3.460939319697002
Rondônia,2024,Homicídios de mulheres,40,4.607588929346079
Roraima,2024,Homicídios de mulheres,17,4.816600839788523
Santa Catarina,2024,Homicídios de mulheres,83,2.0383809950197196
São Paulo,2024,Homicídios de mulheres,421,1.7752439157731517
Sergipe,2024,Homicídios de mulheres,23,1.9353231821425205
Tocantins,2024,Homicídios de mulheres,28,3.573607377967689
Brasil,2023,Feminicídios,1475,1.3601539712738246
Acre,2023,Feminicídios,10,2.2886280361511684
Alagoas,2023,Feminicídios,18,1.080170883033696
Amapá,2023,Feminicídios,4,1.0019914580228202
Amazonas,2023,Feminicídios,23,1.0905626971606963
Bahia,2023,Feminicídios,115,1.5097064277392147
Ceará,2023,Feminicídios,42,0.8879389351709441
Distrito Federal,2023,Feminicídios,31,2.0007654541382607
Espírito Santo,2023,Feminicídios,35,1.6836531232005958
Goiás,2023,Feminicídios,56,1.521013755668153
Maranhão,2023,Feminicídios,50,1.4090750634013325
Mato Grosso,2023,Feminicídios,46,2.4548481382912017
Mato Grosso do Sul,2023,Feminicídios,30,2.0657358460944164
Minas Gerais,2023,Feminicídios,186,1.7181727436096443
Pará,2023,Feminicídios,57,1.328859661229377
Paraíba,2023,Feminicídios,34,1.5978652520232968
Paraná,2023,Feminicídios,81,1.3482475029540768
Pernambuco,2023,Feminicídios,82,1.6586605951597855
Piauí,2023,Feminicídios,28,1.628962961454664
Rio de Janeiro,2023,Feminicídios,99,1.096229457877992
Rio Grande do Norte,2023,Feminicídios,24,1.3613614976337836
Rio Grande do Sul,2023,Feminicídios,85,1.4720873193705561
Rondônia,2023,Feminicídios,21,2.4289165991003756
Roraima,2023,Feminicídios,6,1.751431065132802
Santa Catarina,2023,Feminicídios,57,1.423121479646866
São Paulo,2023,Feminicídios,221,0.9346385680761975
Sergipe,2023,Feminicídios,16,1.352322190761949
Tocantins,2023,Feminicídios,18,2.313960768080711
Brasil,2024,Feminicídios,1492,1.3697942950895337
Acre,2024,Feminicídios,8,1.8228051147911521
Alagoas,2024,Feminicídios,22,1.319293650179694
Amapá,2024,Feminicídios,2,0.49843615655879675
Amazonas,2024,Feminicídios,29,1.3620107035254942
Bahia,2024,Feminicídios,111,1.4543651656744665
Ceará,2024,Feminicídios,41,0.8632832979948667
Distrito Federal,2024,Feminicídios,23,1.4762885592129713
Espírito Santo,2024,Feminicídios,39,1.8633932103684931
Goiás,2024,Feminicídios,56,1.5047521955275003
Maranhão,2024,Feminicídios,69,1.9415727301889236
Mato Grosso,2024,Feminicídios,47,2.468177576449175
Mato Grosso do Sul,2024,Feminicídios,35,2.389786462337648
Minas Gerais,2024,Feminicídios,163,1.5000540663658888
Pará,2024,Feminicídios,50,1.1590722322224398
Paraíba,2024,Feminicídios,26,1.2158572097292895
Paraná,2024,Feminicídios,109,1.8026546322104946
Pernambuco,2024,Feminicídios,77,1.5534807956484784
Piauí,2024,Feminicídios,40,2.3197052582498867
Rio de Janeiro,2024,Feminicídios,107,1.184275215820323
Rio Grande do Norte,2024,Feminicídios,19,1.0745986374089278
Rio Grande do Sul,2024,Feminicídios,72,1.2459381550909208
Rondônia,2024,Feminicídios,13,1.4974664020374757
Roraima,2024,Feminicídios,7,1.9833062281482154
Santa Catarina,2024,Feminicídios,51,1.2524991656145266
São Paulo,2024,Feminicídios,253,1.0668330420204453
Sergipe,2024,Feminicídios,10,0.8414448618010959
Tocantins,2024,Feminicídios,13,1.6591748540564275
