uf,ano,indicador,proporcao_percentual
Brasil,2023,Proporção de feminicídios,37.46507493014986
Acre,2023,Proporção de feminicídios,66.66666666666666
Alagoas,2023,Proporção de feminicídios,22.5
Amapá,2023,Proporção de feminicídios,30.76923076923077
Amazonas,2023,Proporção de feminicídios,22.330097087378643
Bahia,2023,Proporção de feminicídios,25.95936794582393
Ceará,2023,Proporção de feminicídios,15.849056603773585
Distrito Federal,2023,Proporção de feminicídios,68.88888888888889
Espírito Santo,2023,Proporção de feminicídios,39.77272727272727
Goiás,2023,Proporção de feminicídios,43.75
Maranhão,2023,Proporção de feminicídios,37.03703703703704
Mato Grosso,2023,Proporção de feminicídios,44.66019417475729
Mato Grosso do Sul,2023,Proporção de feminicídios,57.692307692307686
Minas Gerais,2023,Proporção de feminicídios,56.88073394495413
Pará,2023,Proporção de feminicídios,26.76056338028169
Paraíba,2023,Proporção de feminicídios,45.94594594594595
Paraná,2023,Proporção de feminicídios,32.79352226720648
Pernambuco,2023,Proporção de feminicídios,30.036630036630036
Piauí,2023,Proporção de feminicídios,45.16129032258064
Rio de Janeiro,2023,Proporção de feminicídios,34.13793103448276
Rio Grande do Norte,2023,Proporção de feminicídios,36.92307692307693
Rio Grande do Sul,2023,Proporção de feminicídios,38.11659192825112
Rondônia,2023,Proporção de feminicídios,44.680851063829785
Roraima,2023,Proporção de feminicídios,35.294117647058826
Santa Catarina,2023,Proporção de feminicídios,53.271028037383175
São Paulo,2023,Proporção de feminicídios,49.44071588366891
Sergipe,2023,Proporção de feminicídios,41.02564102564102
Tocantins,2023,Proporção de feminicídios,50.0
Brasil,2024,Proporção de feminicídios,40.3243243243243
Acre,2024,Proporção de feminicídios,61.53846153846154
Alagoas,2024,Proporção de feminicídios,30.136986301369863
Amapá,2024,Proporção de feminicídios,33.33333333333333
Amazonas,2024,Proporção de feminicídios,37.66233766233766
Bahia,2024,Proporção de feminicídios,28.60824742268041
Ceará,2024,Proporção de feminicídios,13.225806451612904
Distrito Federal,2024,Proporção de feminicídios,65.71428571428571
Espírito Santo,2024,Proporção de feminicídios,41.935483870967744
Goiás,2024,Proporção de feminicídios,47.05882352941176
Maranhão,2024,Proporção de feminicídios,44.230769230769226
Mato Grosso,2024,Proporção de feminicídios,47.0
Mato Grosso do Sul,2024,Proporção de feminicídios,62.5
Minas Gerais,2024,Proporção de feminicídios,46.97406340057637
Pará,2024,Proporção de feminicídios,28.08988764044944
Paraíba,2024,Proporção de feminicídios,39.39393939393939
Paraná,2024,Proporção de feminicídios,44.3089430894309
Pernambuco,2024,Proporção de feminicídios,29.961089494163424
Piauí,2024,Proporção de feminicídios,55.55555555555556
Rio de Janeiro,2024,Proporção de feminicídios,43.673469387755105
Rio Grande do Norte,2024,Proporção de feminicídios,37.254901960784316
Rio Grande do Sul,2024,Proporção de feminicídios,36.0
Rondônia,2024,Proporção de feminicídios,32.5
Roraima,2024,Proporção de feminicídios,41.17647058823529
Santa Catarina,2024,Proporção de feminicídios,61.44578313253012
São Paulo,2024,Proporção de feminicídios,60.09501187648456
Sergipe,2024,Proporção de feminicídios,43.47826086956522
Tocantins,2024,Proporção de feminicídios,46.42857142857143
